[
    {
        "model": "auth.user",
        "pk": 1,
        "fields": {
            "password": "pbkdf2_sha256$870000$53sAdE81rafSRPpBZmJZr5$pL5dt+Z7MkhISIJaRjlqJ3ufJrjvRr/RGXM7WVoMFLU=",
            "last_login": "2024-12-01T16:47:06.194Z",
            "is_superuser": true,
            "username": "admin",
            "first_name": "admin",
            "last_name": "admin",
            "email": "admin@email.com",
            "is_staff": true,
            "is_active": true,
            "date_joined": "2024-11-28T02:06:53Z",
            "groups": [
                5
            ],
            "user_permissions": [
                13,
                14,
                15,
                16,
                21,
                22,
                23,
                24,
                17,
                18,
                19,
                20,
                25,
                26,
                27,
                28,
                29,
                30,
                31,
                32,
                1,
                2,
                3,
                4,
                5,
                6,
                7,
                8,
                9,
                10,
                11,
                12,
                33,
                34,
                35,
                36
            ]
        }
    },
    {
        "model": "auth.user",
        "pk": 2,
        "fields": {
            "password": "pbkdf2_sha256$870000$W1aQMQpIFqGriUnvBNgogv$kKAkVdPFEDJ0PzZUMZe8flIMokcykZ8s8crZkTqLX78=",
            "last_login": "2024-12-01T16:49:52.909Z",
            "is_superuser": false,
            "username": "col",
            "first_name": "col",
            "last_name": "col",
            "email": "col@email.com",
            "is_staff": true,
            "is_active": true,
            "date_joined": "2024-11-28T02:14:45Z",
            "groups": [
                4
            ],
            "user_permissions": [
                1,
                4,
                5,
                8,
                9,
                12
            ]
        }
    },
    {
        "model": "auth.user",
        "pk": 3,
        "fields": {
            "password": "pbkdf2_sha256$870000$kU7lhdnDu1IO35GENELjJd$vPg7ln6WtNiC4S/r3RxF2NFKx0Cd4/DxDev+dJIth4w=",
            "last_login": "2024-12-01T16:27:04.639Z",
            "is_superuser": false,
            "username": "FuncionarioDesconhecido",
            "first_name": "Funcionario",
            "last_name": "Desconhecido",
            "email": "funcionariodesconhecido@email.com",
            "is_staff": true,
            "is_active": true,
            "date_joined": "2024-11-28T02:16:16Z",
            "groups": [
                4
            ],
            "user_permissions": [
                1,
                4,
                5,
                8,
                9,
                12
            ]
        }
    },
    {
        "model": "auth.group",
        "pk": 4,
        "fields": {
            "name": "colaborador",
            "permissions": [
                1,
                4,
                5,
                8,
                9,
                12
            ]
        }
    },
    {
        "model": "auth.group",
        "pk": 5,
        "fields": {
            "name": "admin",
            "permissions": []
        }
    },
    {
        "model": "auth.group",
        "pk": 7,
        "fields": {
            "name": "funcionario",
            "permissions": []
        }
    },
    {
        "model": "auth.permission",
        "pk": 1,
        "fields": {
            "name": "Can add produto",
            "content_type": 1,
            "codename": "add_produto"
        }
    },
    {
        "model": "auth.permission",
        "pk": 2,
        "fields": {
            "name": "Can change produto",
            "content_type": 1,
            "codename": "change_produto"
        }
    },
    {
        "model": "auth.permission",
        "pk": 3,
        "fields": {
            "name": "Can delete produto",
            "content_type": 1,
            "codename": "delete_produto"
        }
    },
    {
        "model": "auth.permission",
        "pk": 4,
        "fields": {
            "name": "Can view produto",
            "content_type": 1,
            "codename": "view_produto"
        }
    },
    {
        "model": "auth.permission",
        "pk": 5,
        "fields": {
            "name": "Can add ordem servico",
            "content_type": 2,
            "codename": "add_ordemservico"
        }
    },
    {
        "model": "auth.permission",
        "pk": 6,
        "fields": {
            "name": "Can change ordem servico",
            "content_type": 2,
            "codename": "change_ordemservico"
        }
    },
    {
        "model": "auth.permission",
        "pk": 7,
        "fields": {
            "name": "Can delete ordem servico",
            "content_type": 2,
            "codename": "delete_ordemservico"
        }
    },
    {
        "model": "auth.permission",
        "pk": 8,
        "fields": {
            "name": "Can view ordem servico",
            "content_type": 2,
            "codename": "view_ordemservico"
        }
    },
    {
        "model": "auth.permission",
        "pk": 9,
        "fields": {
            "name": "Can add produto ordem servico",
            "content_type": 3,
            "codename": "add_produtoordemservico"
        }
    },
    {
        "model": "auth.permission",
        "pk": 10,
        "fields": {
            "name": "Can change produto ordem servico",
            "content_type": 3,
            "codename": "change_produtoordemservico"
        }
    },
    {
        "model": "auth.permission",
        "pk": 11,
        "fields": {
            "name": "Can delete produto ordem servico",
            "content_type": 3,
            "codename": "delete_produtoordemservico"
        }
    },
    {
        "model": "auth.permission",
        "pk": 12,
        "fields": {
            "name": "Can view produto ordem servico",
            "content_type": 3,
            "codename": "view_produtoordemservico"
        }
    },
    {
        "model": "auth.permission",
        "pk": 13,
        "fields": {
            "name": "Can add log entry",
            "content_type": 4,
            "codename": "add_logentry"
        }
    },
    {
        "model": "auth.permission",
        "pk": 14,
        "fields": {
            "name": "Can change log entry",
            "content_type": 4,
            "codename": "change_logentry"
        }
    },
    {
        "model": "auth.permission",
        "pk": 15,
        "fields": {
            "name": "Can delete log entry",
            "content_type": 4,
            "codename": "delete_logentry"
        }
    },
    {
        "model": "auth.permission",
        "pk": 16,
        "fields": {
            "name": "Can view log entry",
            "content_type": 4,
            "codename": "view_logentry"
        }
    },
    {
        "model": "auth.permission",
        "pk": 17,
        "fields": {
            "name": "Can add permission",
            "content_type": 5,
            "codename": "add_permission"
        }
    },
    {
        "model": "auth.permission",
        "pk": 18,
        "fields": {
            "name": "Can change permission",
            "content_type": 5,
            "codename": "change_permission"
        }
    },
    {
        "model": "auth.permission",
        "pk": 19,
        "fields": {
            "name": "Can delete permission",
            "content_type": 5,
            "codename": "delete_permission"
        }
    },
    {
        "model": "auth.permission",
        "pk": 20,
        "fields": {
            "name": "Can view permission",
            "content_type": 5,
            "codename": "view_permission"
        }
    },
    {
        "model": "auth.permission",
        "pk": 21,
        "fields": {
            "name": "Can add group",
            "content_type": 6,
            "codename": "add_group"
        }
    },
    {
        "model": "auth.permission",
        "pk": 22,
        "fields": {
            "name": "Can change group",
            "content_type": 6,
            "codename": "change_group"
        }
    },
    {
        "model": "auth.permission",
        "pk": 23,
        "fields": {
            "name": "Can delete group",
            "content_type": 6,
            "codename": "delete_group"
        }
    },
    {
        "model": "auth.permission",
        "pk": 24,
        "fields": {
            "name": "Can view group",
            "content_type": 6,
            "codename": "view_group"
        }
    },
    {
        "model": "auth.permission",
        "pk": 25,
        "fields": {
            "name": "Can add user",
            "content_type": 7,
            "codename": "add_user"
        }
    },
    {
        "model": "auth.permission",
        "pk": 26,
        "fields": {
            "name": "Can change user",
            "content_type": 7,
            "codename": "change_user"
        }
    },
    {
        "model": "auth.permission",
        "pk": 27,
        "fields": {
            "name": "Can delete user",
            "content_type": 7,
            "codename": "delete_user"
        }
    },
    {
        "model": "auth.permission",
        "pk": 28,
        "fields": {
            "name": "Can view user",
            "content_type": 7,
            "codename": "view_user"
        }
    },
    {
        "model": "auth.permission",
        "pk": 29,
        "fields": {
            "name": "Can add content type",
            "content_type": 8,
            "codename": "add_contenttype"
        }
    },
    {
        "model": "auth.permission",
        "pk": 30,
        "fields": {
            "name": "Can change content type",
            "content_type": 8,
            "codename": "change_contenttype"
        }
    },
    {
        "model": "auth.permission",
        "pk": 31,
        "fields": {
            "name": "Can delete content type",
            "content_type": 8,
            "codename": "delete_contenttype"
        }
    },
    {
        "model": "auth.permission",
        "pk": 32,
        "fields": {
            "name": "Can view content type",
            "content_type": 8,
            "codename": "view_contenttype"
        }
    },
    {
        "model": "auth.permission",
        "pk": 33,
        "fields": {
            "name": "Can add session",
            "content_type": 9,
            "codename": "add_session"
        }
    },
    {
        "model": "auth.permission",
        "pk": 34,
        "fields": {
            "name": "Can change session",
            "content_type": 9,
            "codename": "change_session"
        }
    },
    {
        "model": "auth.permission",
        "pk": 35,
        "fields": {
            "name": "Can delete session",
            "content_type": 9,
            "codename": "delete_session"
        }
    },
    {
        "model": "auth.permission",
        "pk": 36,
        "fields": {
            "name": "Can view session",
            "content_type": 9,
            "codename": "view_session"
        }
    },
    {
        "model": "auth.permission",
        "pk": 37,
        "fields": {
            "name": "Pode adicionar produto",
            "content_type": 1,
            "codename": "adicionar_produto"
        }
    },
    {
        "model": "auth.permission",
        "pk": 38,
        "fields": {
            "name": "Pode editar produto",
            "content_type": 1,
            "codename": "editar_produto"
        }
    },
    {
        "model": "auth.permission",
        "pk": 39,
        "fields": {
            "name": "Pode remover produto",
            "content_type": 1,
            "codename": "remover_produto"
        }
    },
    {
        "model": "estoque.produto",
        "pk": 1,
        "fields": {
            "nome": "Bike Passeio Aro 26",
            "categoria": "bicicleta",
            "preco": "800.00",
            "quantidade": 21,
            "descricao": "Aro 26; Rebaixada; Quadro e Garfo Fabricados em Aço Carbono; Freios V-brake; Ultra Bikes; Pro Tork"
        }
    },
    {
        "model": "estoque.produto",
        "pk": 2,
        "fields": {
            "nome": "Bicicleta aro 29 KRW",
            "categoria": "bicicleta",
            "preco": "900.00",
            "quantidade": 21,
            "descricao": "Alumínio 24 Vel Marchas Freio a Disco Suspensão dianteira Mountain Bike X32 - Grafite+Preto"
        }
    },
    {
        "model": "estoque.produto",
        "pk": 4,
        "fields": {
            "nome": "Pneu aro 29",
            "categoria": "peca",
            "preco": "90.00",
            "quantidade": 96,
            "descricao": "Pneu Bike Michelin 29x2.25 Force Access Line Talão Rígido"
        }
    },
    {
        "model": "estoque.produto",
        "pk": 5,
        "fields": {
            "nome": "Pneu aro 26",
            "categoria": "peca",
            "preco": "49.00",
            "quantidade": 100,
            "descricao": "Pneu Para Bicicleta Mtb Aro 26 Kenda Bike Aro 26x2.10"
        }
    },
    {
        "model": "estoque.produto",
        "pk": 6,
        "fields": {
            "nome": "Kit relação",
            "categoria": "peca",
            "preco": "180.00",
            "quantidade": 96,
            "descricao": "Kit Relação Bicicleta Pedivela + Catraca + Corrente 21 Velocidades"
        }
    },
    {
        "model": "estoque.produto",
        "pk": 8,
        "fields": {
            "nome": "Fita de guidão",
            "categoria": "acessorio",
            "preco": "67.00",
            "quantidade": 97,
            "descricao": "FITA DE GUIDAO ABSOLUTE ET1, PTO, EVA"
        }
    },
    {
        "model": "estoque.produto",
        "pk": 9,
        "fields": {
            "nome": "Selim",
            "categoria": "acessorio",
            "preco": "560.00",
            "quantidade": 20,
            "descricao": "Selim profissional"
        }
    },
    {
        "model": "ordens_servico.ordemservico",
        "pk": 1,
        "fields": {
            "cliente": "João Pedro",
            "descricao_servico": "teste",
            "data": "2024-11-29T02:43:53.810Z",
            "status": "concluido",
            "valor_total": "800.00",
            "funcionario": 3
        }
    },
    {
        "model": "ordens_servico.ordemservico",
        "pk": 2,
        "fields": {
            "cliente": "José Augusto",
            "descricao_servico": "Novo teste",
            "data": "2024-11-29T02:45:57.664Z",
            "status": "concluido",
            "valor_total": "180.00",
            "funcionario": 3
        }
    },
    {
        "model": "ordens_servico.ordemservico",
        "pk": 3,
        "fields": {
            "cliente": "João Pedro",
            "descricao_servico": "teste de novo",
            "data": "2024-11-29T03:00:26.400Z",
            "status": "pendente",
            "valor_total": "180.00",
            "funcionario": 3
        }
    },
    {
        "model": "ordens_servico.ordemservico",
        "pk": 4,
        "fields": {
            "cliente": "José Augusto",
            "descricao_servico": "reteste",
            "data": "2024-11-29T03:22:54.949Z",
            "status": "concluido",
            "valor_total": "900.00",
            "funcionario": 3
        }
    },
    {
        "model": "ordens_servico.ordemservico",
        "pk": 11,
        "fields": {
            "cliente": "José Augusto",
            "descricao_servico": "novo teste",
            "data": "2024-12-01T02:55:38.298Z",
            "status": "cancelado",
            "valor_total": "1209.00",
            "funcionario": 3
        }
    },
    {
        "model": "ordens_servico.ordemservico",
        "pk": 12,
        "fields": {
            "cliente": "João Pedro",
            "descricao_servico": "novo teste com exclusão de campo",
            "data": "2024-12-01T02:56:43.077Z",
            "status": "pendente",
            "valor_total": "1865.00",
            "funcionario": 3
        }
    },
    {
        "model": "ordens_servico.ordemservico",
        "pk": 13,
        "fields": {
            "cliente": "João Pedro",
            "descricao_servico": "teste com exclusão de campo",
            "data": "2024-12-01T02:57:24.764Z",
            "status": "pendente",
            "valor_total": "2757.00",
            "funcionario": 3
        }
    },
    {
        "model": "ordens_servico.ordemservico",
        "pk": 17,
        "fields": {
            "cliente": "José Augusto",
            "descricao_servico": "Bicicleta",
            "data": "2024-12-01T12:56:04.424Z",
            "status": "pendente",
            "valor_total": "1600.00",
            "funcionario": 2
        }
    },
    {
        "model": "ordens_servico.ordemservico",
        "pk": 18,
        "fields": {
            "cliente": "José Augusto",
            "descricao_servico": "Fita de guidão\r\nTroca de pneu",
            "data": "2024-12-01T16:46:43.608Z",
            "status": "pendente",
            "valor_total": "247.00",
            "funcionario": 3
        }
    },
    {
        "model": "ordens_servico.ordemservico",
        "pk": 19,
        "fields": {
            "cliente": "João Pedro",
            "descricao_servico": "Teste de criação de OS pelo Administrador",
            "data": "2024-12-01T16:49:38.686Z",
            "status": "pendente",
            "valor_total": "278.00",
            "funcionario": 1
        }
    },
    {
        "model": "ordens_servico.produtoordemservico",
        "pk": 1,
        "fields": {
            "produto": 1,
            "ordem_servico": 1,
            "quantidade": 1,
            "valor": "800.00"
        }
    },
    {
        "model": "ordens_servico.produtoordemservico",
        "pk": 2,
        "fields": {
            "produto": 6,
            "ordem_servico": 2,
            "quantidade": 1,
            "valor": "180.00"
        }
    },
    {
        "model": "ordens_servico.produtoordemservico",
        "pk": 3,
        "fields": {
            "produto": 6,
            "ordem_servico": 3,
            "quantidade": 1,
            "valor": "180.00"
        }
    },
    {
        "model": "ordens_servico.produtoordemservico",
        "pk": 4,
        "fields": {
            "produto": 2,
            "ordem_servico": 4,
            "quantidade": 1,
            "valor": "900.00"
        }
    },
    {
        "model": "ordens_servico.produtoordemservico",
        "pk": 19,
        "fields": {
            "produto": 1,
            "ordem_servico": 11,
            "quantidade": 1,
            "valor": "800.00"
        }
    },
    {
        "model": "ordens_servico.produtoordemservico",
        "pk": 20,
        "fields": {
            "produto": 5,
            "ordem_servico": 11,
            "quantidade": 1,
            "valor": "49.00"
        }
    },
    {
        "model": "ordens_servico.produtoordemservico",
        "pk": 21,
        "fields": {
            "produto": 6,
            "ordem_servico": 11,
            "quantidade": 2,
            "valor": "360.00"
        }
    },
    {
        "model": "ordens_servico.produtoordemservico",
        "pk": 22,
        "fields": {
            "produto": 1,
            "ordem_servico": 12,
            "quantidade": 1,
            "valor": "800.00"
        }
    },
    {
        "model": "ordens_servico.produtoordemservico",
        "pk": 23,
        "fields": {
            "produto": 2,
            "ordem_servico": 12,
            "quantidade": 1,
            "valor": "900.00"
        }
    },
    {
        "model": "ordens_servico.produtoordemservico",
        "pk": 24,
        "fields": {
            "produto": 5,
            "ordem_servico": 12,
            "quantidade": 2,
            "valor": "98.00"
        }
    },
    {
        "model": "ordens_servico.produtoordemservico",
        "pk": 25,
        "fields": {
            "produto": 8,
            "ordem_servico": 12,
            "quantidade": 1,
            "valor": "67.00"
        }
    },
    {
        "model": "ordens_servico.produtoordemservico",
        "pk": 26,
        "fields": {
            "produto": 1,
            "ordem_servico": 13,
            "quantidade": 1,
            "valor": "800.00"
        }
    },
    {
        "model": "ordens_servico.produtoordemservico",
        "pk": 27,
        "fields": {
            "produto": 2,
            "ordem_servico": 13,
            "quantidade": 2,
            "valor": "1800.00"
        }
    },
    {
        "model": "ordens_servico.produtoordemservico",
        "pk": 28,
        "fields": {
            "produto": 4,
            "ordem_servico": 13,
            "quantidade": 1,
            "valor": "90.00"
        }
    },
    {
        "model": "ordens_servico.produtoordemservico",
        "pk": 29,
        "fields": {
            "produto": 8,
            "ordem_servico": 13,
            "quantidade": 1,
            "valor": "67.00"
        }
    },
    {
        "model": "ordens_servico.produtoordemservico",
        "pk": 42,
        "fields": {
            "produto": 1,
            "ordem_servico": 17,
            "quantidade": 2,
            "valor": "1600.00"
        }
    },
    {
        "model": "ordens_servico.produtoordemservico",
        "pk": 43,
        "fields": {
            "produto": 8,
            "ordem_servico": 18,
            "quantidade": 1,
            "valor": "67.00"
        }
    },
    {
        "model": "ordens_servico.produtoordemservico",
        "pk": 44,
        "fields": {
            "produto": 4,
            "ordem_servico": 18,
            "quantidade": 2,
            "valor": "180.00"
        }
    },
    {
        "model": "ordens_servico.produtoordemservico",
        "pk": 45,
        "fields": {
            "produto": 5,
            "ordem_servico": 19,
            "quantidade": 2,
            "valor": "98.00"
        }
    },
    {
        "model": "ordens_servico.produtoordemservico",
        "pk": 46,
        "fields": {
            "produto": 6,
            "ordem_servico": 19,
            "quantidade": 1,
            "valor": "180.00"
        }
    }
]